testing,GERPHIS-S11,GESPORT-S11,CCAPDEV-S11,LCLSTWO-S11
testing,GERPHIS-S11,GESPORT-S11,CCAPDEV-S11,LCLSTWO-S11
testing,GERPHIS-S11,GESPORT-S11,CCAPDEV-S11,LCLSTWO-S11
testing,GERPHIS-S11,GESPORT-S11,CCAPDEV-S11,LCLSTWO-S11
testing,GERPHIS-S11,GESPORT-S11,CCAPDEV-S11,LCLSTWO-S11
testing,GERPHIS-S11,GESPORT-S11,CCAPDEV-S11,LCLSTWO-S11
testing,GERPHIS-S11,GESPORT-S11,CCAPDEV-S11,LCLSTWO-S11
testing,GERPHIS-S11,GESPORT-S11,CCAPDEV-S11,LCLSTWO-S11
testing,GERPHIS-S11,GESPORT-S11,CCAPDEV-S11,LCLSTWO-S11
testing,GERPHIS-S11,GESPORT-S11,CCAPDEV-S11,LCLSTWO-S11
testing,GERPHIS-S11,GESPORT-S11,CCAPDEV-S11,LCLSTWO-S11
testing,GERPHIS-S11,GESPORT-S11,CCAPDEV-S11,LCLSTWO-S11
testing,GERPHIS-S11,GESPORT-S11,CCAPDEV-S11,LCLSTWO-S11
testing,GERPHIS-S11,GESPORT-S11,CCAPDEV-S11,LCLSTWO-S11
testing,GERPHIS-S11,GESPORT-S11,CCAPDEV-S11,LCLSTWO-S11
testing,GERPHIS-S11,GESPORT-S11,CCAPDEV-S11,LCLSTWO-S11
testing,GERPHIS-S11,GESPORT-S11,CCAPDEV-S11,LCLSTWO-S11
testing,GERPHIS-S11,GESPORT-S11,CCAPDEV-S11,LCLSTWO-S11
testing,GERPHIS-S11,GESPORT-S11,CCAPDEV-S11,LCLSTWO-S11
testing,GERPHIS-S11,GESPORT-S11,CCAPDEV-S11,LCLSTWO-S11
testing,GERPHIS-S11,GESPORT-S11,CCAPDEV-S11,LCLSTWO-S11
testing,GERPHIS-S11,GESPORT-S11,CCAPDEV-S11,LCLSTWO-S11
testing,GERPHIS-S11,GESPORT-S11,CCAPDEV-S11,LCLSTWO-S11
testing,GERPHIS-S11,GESPORT-S11,CCAPDEV-S11,LCLSTWO-S11
testing,GERPHIS-S11,GESPORT-S11,CCAPDEV-S11,LCLSTWO-S11
testing,GERPHIS-S11,GESPORT-S11,CCAPDEV-S11,LCLSTWO-S11
testing,GERPHIS-S11,GESPORT-S11,CCAPDEV-S11,LCLSTWO-S11
testing,GERPHIS-S11,GESPORT-S11,CCAPDEV-S11,LCLSTWO-S11
testing,GERPHIS-S11,GESPORT-S11,CCAPDEV-S11,LCLSTWO-S11
testing,GERPHIS-S11,GESPORT-S11,CCAPDEV-S11,LCLSTWO-S11
testing,GERPHIS-S11,GESPORT-S11,CCAPDEV-S11,LCLSTWO-S11
testing,GERPHIS-S11,GESPORT-S11,CCAPDEV-S11,LCLSTWO-S11
testing,GERPHIS-S11,GESPORT-S11,CCAPDEV-S11,LCLSTWO-S11
testing,GERPHIS-S11,GESPORT-S11,CCAPDEV-S11,LCLSTWO-S11
testing,GERPHIS-S11,GESPORT-S11,CCAPDEV-S11,LCLSTWO-S11
testing,GERPHIS-S11,GESPORT-S11,CCAPDEV-S11,LCLSTWO-S11
testing,GERPHIS-S11,GESPORT-S11,CCAPDEV-S11,LCLSTWO-S11
testing,GERPHIS-S11,GESPORT-S11,CCAPDEV-S11,LCLSTWO-S11
testing,GERPHIS-S11,GESPORT-S11,CCAPDEV-S11,LCLSTWO-S11
testing,GERPHIS-S11,GESPORT-S11,CCAPDEV-S11,LCLSTWO-S11
testing,GERPHIS-S11,GESPORT-S11,CCAPDEV-S11,LCLSTWO-S11
testing,GERPHIS-S11,GESPORT-S11,CCAPDEV-S11,LCLSTWO-S11
testing,GERPHIS-S11,GESPORT-S11,CCAPDEV-S11,LCLSTWO-S11
testing,GERPHIS-S11,GESPORT-S11,CCAPDEV-S11,LCLSTWO-S11
testing,GERPHIS-S11,GESPORT-S11,CCAPDEV-S11,LCLSTWO-S11
testing,GERPHIS-S11,GESPORT-S11,CCAPDEV-S11,LCLSTWO-S11
testing,GERPHIS-S11,GESPORT-S11,CCAPDEV-S11,LCLSTWO-S11
testing,GERPHIS-S11,GESPORT-S11,CCAPDEV-S11,LCLSTWO-S11
testing,GERPHIS-S11,GESPORT-S11,CCAPDEV-S11,LCLSTWO-S11
testing,GERPHIS-S11,GESPORT-S11,CCAPDEV-S11,LCLSTWO-S11
testing,GERPHIS-S11,GESPORT-S11,CCAPDEV-S11,LCLSTWO-S11
testing,GERPHIS-S11,GESPORT-S11,CCAPDEV-S11,LCLSTWO-S11
testing,GERPHIS-S11,GESPORT-S11,CCAPDEV-S11,LCLSTWO-S11
testing,GERPHIS-S11,GESPORT-S11,CCAPDEV-S11,LCLSTWO-S11
testing,GERPHIS-S11,GESPORT-S11,CCAPDEV-S11,LCLSTWO-S11
testing,GERPHIS-S11,GESPORT-S11,CCAPDEV-S11,LCLSTWO-S11
testing,GERPHIS-S11,GESPORT-S11,CCAPDEV-S11,LCLSTWO-S11
testing,GERPHIS-S11,GESPORT-S11,CCAPDEV-S11,LCLSTWO-S11
testing,GERPHIS-S11,GESPORT-S11,CCAPDEV-S11,LCLSTWO-S11
testing,GERPHIS-S11,GESPORT-S11,CCAPDEV-S11,LCLSTWO-S11
testing,GERPHIS-S11,GESPORT-S11,CCAPDEV-S11,LCLSTWO-S11
testing,GERPHIS-S11,GESPORT-S11,CCAPDEV-S11,LCLSTWO-S11
testing,GERPHIS-S11,GESPORT-S11,CCAPDEV-S11,LCLSTWO-S11
testing,GERPHIS-S11,GESPORT-S11,CCAPDEV-S11,LCLSTWO-S11
testing,GERPHIS-S11,GESPORT-S11,CCAPDEV-S11,LCLSTWO-S11
testing,GERPHIS-S11,GESPORT-S11,CCAPDEV-S11,LCLSTWO-S11
testing,GERPHIS-S11,GESPORT-S11,CCAPDEV-S11,LCLSTWO-S11
testing,GERPHIS-S11,GESPORT-S11,CCAPDEV-S11,LCLSTWO-S11
testing,GERPHIS-S11,GESPORT-S11,CCAPDEV-S11,LCLSTWO-S11
testing,GERPHIS-S11,GESPORT-S11,CCAPDEV-S11,LCLSTWO-S11
testing,GERPHIS-S11,GESPORT-S11,CCAPDEV-S11,LCLSTWO-S11
testing,GERPHIS-S11,GESPORT-S11,CCAPDEV-S11,LCLSTWO-S11
testing,GERPHIS-S11,GESPORT-S11,CCAPDEV-S11,LCLSTWO-S11
testing,GERPHIS-S11,GESPORT-S11,CCAPDEV-S11,LCLSTWO-S11
testing,GERPHIS-S11,GESPORT-S11,CCAPDEV-S11,LCLSTWO-S11
testing,GERPHIS-S11,GESPORT-S11,CCAPDEV-S11,LCLSTWO-S11
testing,GERPHIS-S11,GESPORT-S11,CCAPDEV-S11,LCLSTWO-S11
testing,GERPHIS-S11,GESPORT-S11,CCAPDEV-S11,LCLSTWO-S11
testing,GERPHIS-S11,GESPORT-S11,CCAPDEV-S11,LCLSTWO-S11
testing,GERPHIS-S11,GESPORT-S11,CCAPDEV-S11,LCLSTWO-S11
testing,GERPHIS-S11,GESPORT-S11,CCAPDEV-S11,LCLSTWO-S11
testing,GERPHIS-S11,GESPORT-S11,CCAPDEV-S11,LCLSTWO-S11
testing,GERPHIS-S11,GESPORT-S11,CCAPDEV-S11,LCLSTWO-S11
testing,GERPHIS-S11,GESPORT-S11,CCAPDEV-S11,LCLSTWO-S11
testing,GERPHIS-S11,GESPORT-S11,CCAPDEV-S11,LCLSTWO-S11
testing,GERPHIS-S11,GESPORT-S11,CCAPDEV-S11,LCLSTWO-S11
testing,GERPHIS-S11,GESPORT-S11,CCAPDEV-S11,LCLSTWO-S11
testing,GERPHIS-S11,GESPORT-S11,CCAPDEV-S11,LCLSTWO-S11
testing,GERPHIS-S11,GESPORT-S11,CCAPDEV-S11,LCLSTWO-S11
testing,GERPHIS-S11,GESPORT-S11,CCAPDEV-S11,LCLSTWO-S11
testing,GERPHIS-S11,GESPORT-S11,CCAPDEV-S11,LCLSTWO-S11
testing,GERPHIS-S11,GESPORT-S11,CCAPDEV-S11,LCLSTWO-S11
testing,GERPHIS-S11,GESPORT-S11,CCAPDEV-S11,LCLSTWO-S11
testing,GERPHIS-S11,GESPORT-S11,CCAPDEV-S11,LCLSTWO-S11
testing,GERPHIS-S11,GESPORT-S11,CCAPDEV-S11,LCLSTWO-S11
testing,GERPHIS-S11,GESPORT-S11,CCAPDEV-S11,LCLSTWO-S11
testing,GERPHIS-S11,GESPORT-S11,CCAPDEV-S11,LCLSTWO-S11
testing,GERPHIS-S11,GESPORT-S11,CCAPDEV-S11,LCLSTWO-S11
testing,GERPHIS-S11,GESPORT-S11,CCAPDEV-S11,LCLSTWO-S11
testing,GERPHIS-S11,GESPORT-S11,CCAPDEV-S11,LCLSTWO-S11
testing,GERPHIS-S11,GESPORT-S11,CCAPDEV-S11,LCLSTWO-S11
testing,GERPHIS-S11,GESPORT-S11,CCAPDEV-S11,LCLSTWO-S11
testing,GERPHIS-S11,GESPORT-S11,CCAPDEV-S11,LCLSTWO-S11
testing,GERPHIS-S11,GESPORT-S11,CCAPDEV-S11,LCLSTWO-S11
testing,GERPHIS-S11,GESPORT-S11,CCAPDEV-S11,LCLSTWO-S11
testing,GERPHIS-S11,GESPORT-S11,CCAPDEV-S11,LCLSTWO-S11
testing,GERPHIS-S11,GESPORT-S11,CCAPDEV-S11,LCLSTWO-S11
testing,GERPHIS-S11,GESPORT-S11,CCAPDEV-S11,LCLSTWO-S11
testing,GERPHIS-S11,GESPORT-S11,CCAPDEV-S11,LCLSTWO-S11
testing,GERPHIS-S11,GESPORT-S11,CCAPDEV-S11,LCLSTWO-S11
testing,GERPHIS-S11,GESPORT-S11,CCAPDEV-S11,LCLSTWO-S11
testing,GERPHIS-S11,GESPORT-S11,CCAPDEV-S11,LCLSTWO-S11
testing,GERPHIS-S11,GESPORT-S11,CCAPDEV-S11,LCLSTWO-S11
testing,GERPHIS-S11,GESPORT-S11,CCAPDEV-S11,LCLSTWO-S11
testing,GERPHIS-S11,GESPORT-S11,CCAPDEV-S11,LCLSTWO-S11
testing,GERPHIS-S11,GESPORT-S11,CCAPDEV-S11,LCLSTWO-S11
testing,GERPHIS-S11,GESPORT-S11,CCAPDEV-S11,LCLSTWO-S11
testing,GERPHIS-S11,GESPORT-S11,CCAPDEV-S11,LCLSTWO-S11
testing,GERPHIS-S11,GESPORT-S11,CCAPDEV-S11,LCLSTWO-S11
testing,GERPHIS-S11,GESPORT-S11,CCAPDEV-S11,LCLSTWO-S11
testing,GERPHIS-S11,GESPORT-S11,CCAPDEV-S11,LCLSTWO-S11
testing,GERPHIS-S11,GESPORT-S11,CCAPDEV-S11,LCLSTWO-S11
testing,GERPHIS-S11,GESPORT-S11,CCAPDEV-S11,LCLSTWO-S11
testing,GERPHIS-S11,GESPORT-S11,CCAPDEV-S11,LCLSTWO-S11
testing,GERPHIS-S11,GESPORT-S11,CCAPDEV-S11,LCLSTWO-S11
testing,GERPHIS-S11,GESPORT-S11,CCAPDEV-S11,LCLSTWO-S11
testing,GERPHIS-S11,GESPORT-S11,CCAPDEV-S11,LCLSTWO-S11
testing,GERPHIS-S11,GESPORT-S11,CCAPDEV-S11,LCLSTWO-S11
testing,GERPHIS-S11,GESPORT-S11,CCAPDEV-S11,LCLSTWO-S11
testing,GERPHIS-S11,GESPORT-S11,CCAPDEV-S11,LCLSTWO-S11
testing,GERPHIS-S11,GESPORT-S11,CCAPDEV-S11,LCLSTWO-S11
testing,GERPHIS-S11,GESPORT-S11,CCAPDEV-S11,LCLSTWO-S11
testing,GERPHIS-S11,GESPORT-S11,CCAPDEV-S11,LCLSTWO-S11
testing,GERPHIS-S11,GESPORT-S11,CCAPDEV-S11,LCLSTWO-S11
testing,GERPHIS-S11,GESPORT-S11,CCAPDEV-S11,LCLSTWO-S11
testing,GERPHIS-S11,GESPORT-S11,CCAPDEV-S11,LCLSTWO-S11
testing,GERPHIS-S11,GESPORT-S11,CCAPDEV-S11,LCLSTWO-S11
testing,GERPHIS-S11,GESPORT-S11,CCAPDEV-S11,LCLSTWO-S11
testing,GERPHIS-S11,GESPORT-S11,CCAPDEV-S11,LCLSTWO-S11
testing,GERPHIS-S11,GESPORT-S11,CCAPDEV-S11,LCLSTWO-S11
testing,GERPHIS-S11,GESPORT-S11,CCAPDEV-S11,LCLSTWO-S11
testing,GERPHIS-S11,GESPORT-S11,CCAPDEV-S11,LCLSTWO-S11
testing,GERPHIS-S11,GESPORT-S11,CCAPDEV-S11,LCLSTWO-S11
testing,GERPHIS-S11,GESPORT-S11,CCAPDEV-S11,LCLSTWO-S11
testing,GERPHIS-S11,GESPORT-S11,CCAPDEV-S11,LCLSTWO-S11
testing,GERPHIS-S11,GESPORT-S11,CCAPDEV-S11,LCLSTWO-S11
testing,GERPHIS-S11,GESPORT-S11,CCAPDEV-S11,LCLSTWO-S11
testing,GERPHIS-S11,GESPORT-S11,CCAPDEV-S11,LCLSTWO-S11
testing,GERPHIS-S11,GESPORT-S11,CCAPDEV-S11,LCLSTWO-S11
testing,GERPHIS-S11,GESPORT-S11,CCAPDEV-S11,LCLSTWO-S11
testing,GERPHIS-S11,GESPORT-S11,CCAPDEV-S11,LCLSTWO-S11
testing,GERPHIS-S11,GESPORT-S11,CCAPDEV-S11,LCLSTWO-S11
testing,GERPHIS-S11,GESPORT-S11,CCAPDEV-S11,LCLSTWO-S11
testing,GERPHIS-S11,GESPORT-S11,CCAPDEV-S11,LCLSTWO-S11
testing,GERPHIS-S11,GESPORT-S11,CCAPDEV-S11,LCLSTWO-S11
testing,GERPHIS-S11,GESPORT-S11,CCAPDEV-S11,LCLSTWO-S11
testing,GERPHIS-S11,GESPORT-S11,CCAPDEV-S11,LCLSTWO-S11
testing,GERPHIS-S11,GESPORT-S11,CCAPDEV-S11,LCLSTWO-S11
testing,GERPHIS-S11,GESPORT-S11,CCAPDEV-S11,LCLSTWO-S11
testing,GERPHIS-S11,GESPORT-S11,CCAPDEV-S11,LCLSTWO-S11
testing,GERPHIS-S11,GESPORT-S11,CCAPDEV-S11,LCLSTWO-S11
testing,GERPHIS-S11,GESPORT-S11,CCAPDEV-S11,LCLSTWO-S11
testing,GERPHIS-S11,GESPORT-S11,CCAPDEV-S11,LCLSTWO-S11
testing,GERPHIS-S11,GESPORT-S11,CCAPDEV-S11,LCLSTWO-S11
testing,GERPHIS-S11,GESPORT-S11,CCAPDEV-S11,LCLSTWO-S11
testing,GERPHIS-S11,GESPORT-S11,CCAPDEV-S11,LCLSTWO-S11
testing,GERPHIS-S11,GESPORT-S11,CCAPDEV-S11,LCLSTWO-S11
testing,GERPHIS-S11,GESPORT-S11,CCAPDEV-S11,LCLSTWO-S11
testing,GERPHIS-S11,GESPORT-S11,CCAPDEV-S11,LCLSTWO-S11
testing,GERPHIS-S11,GESPORT-S11,CCAPDEV-S11,LCLSTWO-S11
testing,GERPHIS-S11,GESPORT-S11,CCAPDEV-S11,LCLSTWO-S11
testing,GERPHIS-S11,GESPORT-S11,CCAPDEV-S11,LCLSTWO-S11
testing,GERPHIS-S11,GESPORT-S11,CCAPDEV-S11,LCLSTWO-S11
testing,GERPHIS-S11,GESPORT-S11,CCAPDEV-S11,LCLSTWO-S11
testing,GERPHIS-S11,GESPORT-S11,CCAPDEV-S11,LCLSTWO-S11
testing,GERPHIS-S11,GESPORT-S11,CCAPDEV-S11,LCLSTWO-S11
testing,GERPHIS-S11,GESPORT-S11,CCAPDEV-S11,LCLSTWO-S11
testing,GERPHIS-S11,GESPORT-S11,CCAPDEV-S11,LCLSTWO-S11
testing,GERPHIS-S11,GESPORT-S11,CCAPDEV-S11,LCLSTWO-S11
testing,GERPHIS-S11,GESPORT-S11,CCAPDEV-S11,LCLSTWO-S11
testing,GERPHIS-S11,GESPORT-S11,CCAPDEV-S11,LCLSTWO-S11
testing,GERPHIS-S11,GESPORT-S11,CCAPDEV-S11,LCLSTWO-S11
testing,GERPHIS-S11,GESPORT-S11,CCAPDEV-S11,LCLSTWO-S11
testing,GERPHIS-S11,GESPORT-S11,CCAPDEV-S11,LCLSTWO-S11
testing,GERPHIS-S11,GESPORT-S11,CCAPDEV-S11,LCLSTWO-S11
testing,GERPHIS-S11,GESPORT-S11,CCAPDEV-S11,LCLSTWO-S11
testing,GERPHIS-S11,GESPORT-S11,CCAPDEV-S11,LCLSTWO-S11
testing,GERPHIS-S11,GESPORT-S11,CCAPDEV-S11,LCLSTWO-S11
testing,GERPHIS-S11,GESPORT-S11,CCAPDEV-S11,LCLSTWO-S11
testing,GERPHIS-S11,GESPORT-S11,CCAPDEV-S11,LCLSTWO-S11
testing,GERPHIS-S11,GESPORT-S11,CCAPDEV-S11,LCLSTWO-S11
testing,GERPHIS-S11,GESPORT-S11,CCAPDEV-S11,LCLSTWO-S11
testing,GERPHIS-S11,GESPORT-S11,CCAPDEV-S11,LCLSTWO-S11
testing,GERPHIS-S11,GESPORT-S11,CCAPDEV-S11,LCLSTWO-S11
testing,GERPHIS-S11,GESPORT-S11,CCAPDEV-S11,LCLSTWO-S11
testing,GERPHIS-S11,GESPORT-S11,CCAPDEV-S11,LCLSTWO-S11
testing,GERPHIS-S11,GESPORT-S11,CCAPDEV-S11,LCLSTWO-S11
testing,GERPHIS-S11,GESPORT-S11,CCAPDEV-S11,LCLSTWO-S11
testing,GERPHIS-S11,GESPORT-S11,CCAPDEV-S11,LCLSTWO-S11
testing,GERPHIS-S11,GESPORT-S11,CCAPDEV-S11,LCLSTWO-S11
testing,GERPHIS-S11,GESPORT-S11,CCAPDEV-S11,LCLSTWO-S11
testing,GERPHIS-S11,GESPORT-S11,CCAPDEV-S11,LCLSTWO-S11
testing,GERPHIS-S11,GESPORT-S11,CCAPDEV-S11,LCLSTWO-S11
testing,GERPHIS-S11,GESPORT-S11,CCAPDEV-S11,LCLSTWO-S11
testing,GERPHIS-S11,GESPORT-S11,CCAPDEV-S11,LCLSTWO-S11
testing,GERPHIS-S11,GESPORT-S11,CCAPDEV-S11,LCLSTWO-S11
testing,GERPHIS-S11,GESPORT-S11,CCAPDEV-S11,LCLSTWO-S11
testing,GERPHIS-S11,GESPORT-S11,CCAPDEV-S11,LCLSTWO-S11
testing,GERPHIS-S11,GESPORT-S11,CCAPDEV-S11,LCLSTWO-S11
testing,GERPHIS-S11,GESPORT-S11,CCAPDEV-S11,LCLSTWO-S11
testing,GERPHIS-S11,GESPORT-S11,CCAPDEV-S11,LCLSTWO-S11
testing,GERPHIS-S11,GESPORT-S11,CCAPDEV-S11,LCLSTWO-S11
testing,GERPHIS-S11,GESPORT-S11,CCAPDEV-S11,LCLSTWO-S11
testing,GERPHIS-S11,GESPORT-S11,CCAPDEV-S11,LCLSTWO-S11
testing,GERPHIS-S11,GESPORT-S11,CCAPDEV-S11,LCLSTWO-S11
testing,GERPHIS-S11,GESPORT-S11,CCAPDEV-S11,LCLSTWO-S11
testing,GERPHIS-S11,GESPORT-S11,CCAPDEV-S11,LCLSTWO-S11
testing,GERPHIS-S11,GESPORT-S11,CCAPDEV-S11,LCLSTWO-S11
testing,GERPHIS-S11,GESPORT-S11,CCAPDEV-S11,LCLSTWO-S11
testing,GERPHIS-S11,GESPORT-S11,CCAPDEV-S11,LCLSTWO-S11
testing,GERPHIS-S11,GESPORT-S11,CCAPDEV-S11,LCLSTWO-S11
testing,GERPHIS-S11,GESPORT-S11,CCAPDEV-S11,LCLSTWO-S11
testing,GERPHIS-S11,GESPORT-S11,CCAPDEV-S11,LCLSTWO-S11
testing,GERPHIS-S11,GESPORT-S11,CCAPDEV-S11,LCLSTWO-S11
testing,GERPHIS-S11,GESPORT-S11,CCAPDEV-S11,LCLSTWO-S11
testing,GERPHIS-S11,GESPORT-S11,CCAPDEV-S11,LCLSTWO-S11
testing,GERPHIS-S11,GESPORT-S11,CCAPDEV-S11,LCLSTWO-S11
testing,GERPHIS-S11,GESPORT-S11,CCAPDEV-S11,LCLSTWO-S11
testing,GERPHIS-S11,GESPORT-S11,CCAPDEV-S11,LCLSTWO-S11
testing,GERPHIS-S11,GESPORT-S11,CCAPDEV-S11,LCLSTWO-S11
testing,GERPHIS-S11,GESPORT-S11,CCAPDEV-S11,LCLSTWO-S11
testing,GERPHIS-S11,GESPORT-S11,CCAPDEV-S11,LCLSTWO-S11
testing,GERPHIS-S11,GESPORT-S11,CCAPDEV-S11,LCLSTWO-S11
testing,GERPHIS-S11,GESPORT-S11,CCAPDEV-S11,LCLSTWO-S11
testing,GERPHIS-S11,GESPORT-S11,CCAPDEV-S11,LCLSTWO-S11
testing,GERPHIS-S11,GESPORT-S11,CCAPDEV-S11,LCLSTWO-S11
testing,GERPHIS-S11,GESPORT-S11,CCAPDEV-S11,LCLSTWO-S11
testing,GERPHIS-S11,GESPORT-S11,CCAPDEV-S11,LCLSTWO-S11
testing,GERPHIS-S11,GESPORT-S11,CCAPDEV-S11,LCLSTWO-S11
testing,GERPHIS-S11,GESPORT-S11,CCAPDEV-S11,LCLSTWO-S11
testing,GERPHIS-S11,GESPORT-S11,CCAPDEV-S11,LCLSTWO-S11
testing,GERPHIS-S11,GESPORT-S11,CCAPDEV-S11,LCLSTWO-S11
testing,GERPHIS-S11,GESPORT-S11,CCAPDEV-S11,LCLSTWO-S11
testing,GERPHIS-S11,GESPORT-S11,CCAPDEV-S11,LCLSTWO-S11
testing,GERPHIS-S11,GESPORT-S11,CCAPDEV-S11,LCLSTWO-S11
testing,GERPHIS-S11,GESPORT-S11,CCAPDEV-S11,LCLSTWO-S11
testing,GERPHIS-S11,GESPORT-S11,CCAPDEV-S11,LCLSTWO-S11
testing,GERPHIS-S11,GESPORT-S11,CCAPDEV-S11,LCLSTWO-S11
testing,GERPHIS-S11,GESPORT-S11,CCAPDEV-S11,LCLSTWO-S11
testing,GERPHIS-S11,GESPORT-S11,CCAPDEV-S11,LCLSTWO-S11
testing,GERPHIS-S11,GESPORT-S11,CCAPDEV-S11,LCLSTWO-S11
testing,GERPHIS-S11,GESPORT-S11,CCAPDEV-S11,LCLSTWO-S11
testing,GERPHIS-S11,GESPORT-S11,CCAPDEV-S11,LCLSTWO-S11
testing,GERPHIS-S11,GESPORT-S11,CCAPDEV-S11,LCLSTWO-S11
testing,GERPHIS-S11,GESPORT-S11,CCAPDEV-S11,LCLSTWO-S11
testing,GERPHIS-S11,GESPORT-S11,CCAPDEV-S11,LCLSTWO-S11
testing,GERPHIS-S11,GESPORT-S11,CCAPDEV-S11,LCLSTWO-S11
testing,GERPHIS-S11,GESPORT-S11,CCAPDEV-S11,LCLSTWO-S11
testing,GERPHIS-S11,GESPORT-S11,CCAPDEV-S11,LCLSTWO-S11
testing,GERPHIS-S11,GESPORT-S11,CCAPDEV-S11,LCLSTWO-S11
testing,GERPHIS-S11,GESPORT-S11,CCAPDEV-S11,LCLSTWO-S11
testing,GERPHIS-S11,GESPORT-S11,CCAPDEV-S11,LCLSTWO-S11
testing,GERPHIS-S11,GESPORT-S11,CCAPDEV-S11,LCLSTWO-S11
testing,GERPHIS-S11,GESPORT-S11,CCAPDEV-S11,LCLSTWO-S11
testing,GERPHIS-S11,GESPORT-S11,CCAPDEV-S11,LCLSTWO-S11
testing,GERPHIS-S11,GESPORT-S11,CCAPDEV-S11,LCLSTWO-S11
testing,GERPHIS-S11,GESPORT-S11,CCAPDEV-S11,LCLSTWO-S11
testing,GERPHIS-S11,GESPORT-S11,CCAPDEV-S11,LCLSTWO-S11
testing,GERPHIS-S11,GESPORT-S11,CCAPDEV-S11,LCLSTWO-S11
testing,GERPHIS-S11,GESPORT-S11,CCAPDEV-S11,LCLSTWO-S11
testing,GERPHIS-S11,GESPORT-S11,CCAPDEV-S11,LCLSTWO-S11
testing,GERPHIS-S11,GESPORT-S11,CCAPDEV-S11,LCLSTWO-S11
testing,GERPHIS-S11,GESPORT-S11,CCAPDEV-S11,LCLSTWO-S11
testing,GERPHIS-S11,GESPORT-S11,CCAPDEV-S11,LCLSTWO-S11
testing,GERPHIS-S11,GESPORT-S11,CCAPDEV-S11,LCLSTWO-S11
testing,GERPHIS-S11,GESPORT-S11,CCAPDEV-S11,LCLSTWO-S11
testing,GERPHIS-S11,GESPORT-S11,CCAPDEV-S11,LCLSTWO-S11
testing,GERPHIS-S11,GESPORT-S11,CCAPDEV-S11,LCLSTWO-S11
testing,GERPHIS-S11,GESPORT-S11,CCAPDEV-S11,LCLSTWO-S11
testing,GERPHIS-S11,GESPORT-S11,CCAPDEV-S11,LCLSTWO-S11
testing,GERPHIS-S11,GESPORT-S11,CCAPDEV-S11,LCLSTWO-S11
testing,GERPHIS-S11,GESPORT-S11,CCAPDEV-S11,LCLSTWO-S11
testing,GERPHIS-S11,GESPORT-S11,CCAPDEV-S11,LCLSTWO-S11
testing,GERPHIS-S11,GESPORT-S11,CCAPDEV-S11,LCLSTWO-S11
testing,GERPHIS-S11,GESPORT-S11,CCAPDEV-S11,LCLSTWO-S11
testing,GERPHIS-S11,GESPORT-S11,CCAPDEV-S11,LCLSTWO-S11
testing,GERPHIS-S11,GESPORT-S11,CCAPDEV-S11,LCLSTWO-S11
testing,GERPHIS-S11,GESPORT-S11,CCAPDEV-S11,LCLSTWO-S11
testing,GERPHIS-S11,GESPORT-S11,CCAPDEV-S11,LCLSTWO-S11
testing,GERPHIS-S11,GESPORT-S11,CCAPDEV-S11,LCLSTWO-S11
testing,GERPHIS-S11,GESPORT-S11,CCAPDEV-S11,LCLSTWO-S11
testing,GERPHIS-S11,GESPORT-S11,CCAPDEV-S11,LCLSTWO-S11
testing,GERPHIS-S11,GESPORT-S11,CCAPDEV-S11,LCLSTWO-S11
testing,GERPHIS-S11,GESPORT-S11,CCAPDEV-S11,LCLSTWO-S11
testing,GERPHIS-S11,GESPORT-S11,CCAPDEV-S11,LCLSTWO-S11
testing,GERPHIS-S11,GESPORT-S11,CCAPDEV-S11,LCLSTWO-S11
testing,GERPHIS-S11,GESPORT-S11,CCAPDEV-S11,LCLSTWO-S11
testing,GERPHIS-S11,GESPORT-S11,CCAPDEV-S11,LCLSTWO-S11
testing,GERPHIS-S11,GESPORT-S11,CCAPDEV-S11,LCLSTWO-S11
testing,GERPHIS-S11,GESPORT-S11,CCAPDEV-S11,LCLSTWO-S11
testing,GERPHIS-S11,GESPORT-S11,CCAPDEV-S11,LCLSTWO-S11
testing,GERPHIS-S11,GESPORT-S11,CCAPDEV-S11,LCLSTWO-S11
testing,GERPHIS-S11,GESPORT-S11,CCAPDEV-S11,LCLSTWO-S11
testing,GERPHIS-S11,GESPORT-S11,CCAPDEV-S11,LCLSTWO-S11
testing,GERPHIS-S11,GESPORT-S11,CCAPDEV-S11,LCLSTWO-S11
testing,GERPHIS-S11,GESPORT-S11,CCAPDEV-S11,LCLSTWO-S11
testing,GERPHIS-S11,GESPORT-S11,CCAPDEV-S11,LCLSTWO-S11
testing,GERPHIS-S11,GESPORT-S11,CCAPDEV-S11,LCLSTWO-S11
testing,GERPHIS-S11,GESPORT-S11,CCAPDEV-S11,LCLSTWO-S11
testing,GERPHIS-S11,GESPORT-S11,CCAPDEV-S11,LCLSTWO-S11
testing,GERPHIS-S11,GESPORT-S11,CCAPDEV-S11,LCLSTWO-S11
testing,GERPHIS-S11,GESPORT-S11,CCAPDEV-S11,LCLSTWO-S11
testing,GERPHIS-S11,GESPORT-S11,CCAPDEV-S11,LCLSTWO-S11
testing,GERPHIS-S11,GESPORT-S11,CCAPDEV-S11,LCLSTWO-S11
testing,GERPHIS-S11,GESPORT-S11,CCAPDEV-S11,LCLSTWO-S11
testing,GERPHIS-S11,GESPORT-S11,CCAPDEV-S11,LCLSTWO-S11
testing,GERPHIS-S11,GESPORT-S11,CCAPDEV-S11,LCLSTWO-S11
testing,GERPHIS-S11,GESPORT-S11,CCAPDEV-S11,LCLSTWO-S11
testing,GERPHIS-S11,GESPORT-S11,CCAPDEV-S11,LCLSTWO-S11
testing,GERPHIS-S11,GESPORT-S11,CCAPDEV-S11,LCLSTWO-S11
testing,GERPHIS-S11,GESPORT-S11,CCAPDEV-S11,LCLSTWO-S11
testing,GERPHIS-S11,GESPORT-S11,CCAPDEV-S11,LCLSTWO-S11
testing,GERPHIS-S11,GESPORT-S11,CCAPDEV-S11,LCLSTWO-S11
testing,GERPHIS-S11,GESPORT-S11,CCAPDEV-S11,LCLSTWO-S11
testing,GERPHIS-S11,GESPORT-S11,CCAPDEV-S11,LCLSTWO-S11
testing,GERPHIS-S11,GESPORT-S11,CCAPDEV-S11,LCLSTWO-S11
testing,GERPHIS-S11,GESPORT-S11,CCAPDEV-S11,LCLSTWO-S11
testing,GERPHIS-S11,GESPORT-S11,CCAPDEV-S11,LCLSTWO-S11
testing,GERPHIS-S11,GESPORT-S11,CCAPDEV-S11,LCLSTWO-S11
testing,GERPHIS-S11,GESPORT-S11,CCAPDEV-S11,LCLSTWO-S11
testing,GERPHIS-S11,GESPORT-S11,CCAPDEV-S11,LCLSTWO-S11
testing,GERPHIS-S11,GESPORT-S11,CCAPDEV-S11,LCLSTWO-S11
testing,GERPHIS-S11,GESPORT-S11,CCAPDEV-S11,LCLSTWO-S11
testing,GERPHIS-S11,GESPORT-S11,CCAPDEV-S11,LCLSTWO-S11
testing,GERPHIS-S11,GESPORT-S11,CCAPDEV-S11,LCLSTWO-S11
testing,GERPHIS-S11,GESPORT-S11,CCAPDEV-S11,LCLSTWO-S11
testing,GERPHIS-S11,GESPORT-S11,CCAPDEV-S11,LCLSTWO-S11
testing,GERPHIS-S11,GESPORT-S11,CCAPDEV-S11,LCLSTWO-S11
testing,GERPHIS-S11,GESPORT-S11,CCAPDEV-S11,LCLSTWO-S11
testing,GERPHIS-S11,GESPORT-S11,CCAPDEV-S11,LCLSTWO-S11
testing,GERPHIS-S11,GESPORT-S11,CCAPDEV-S11,LCLSTWO-S11
testing,GERPHIS-S11,GESPORT-S11,CCAPDEV-S11,LCLSTWO-S11
testing,GERPHIS-S11,GESPORT-S11,CCAPDEV-S11,LCLSTWO-S11
testing,GERPHIS-S11,GESPORT-S11,CCAPDEV-S11,LCLSTWO-S11
testing,GERPHIS-S11,GESPORT-S11,CCAPDEV-S11,LCLSTWO-S11
testing,GERPHIS-S11,GESPORT-S11,CCAPDEV-S11,LCLSTWO-S11
testing,GERPHIS-S11,GESPORT-S11,CCAPDEV-S11,LCLSTWO-S11
testing,GERPHIS-S11,GESPORT-S11,CCAPDEV-S11,LCLSTWO-S11
testing,GERPHIS-S11,GESPORT-S11,CCAPDEV-S11,LCLSTWO-S11
testing,GERPHIS-S11,GESPORT-S11,CCAPDEV-S11,LCLSTWO-S11
testing,GERPHIS-S11,GESPORT-S11,CCAPDEV-S11,LCLSTWO-S11
testing,GERPHIS-S11,GESPORT-S11,CCAPDEV-S11,LCLSTWO-S11
testing,GERPHIS-S11,GESPORT-S11,CCAPDEV-S11,LCLSTWO-S11
testing,GERPHIS-S11,GESPORT-S11,CCAPDEV-S11,LCLSTWO-S11
testing,GERPHIS-S11,GESPORT-S11,CCAPDEV-S11,LCLSTWO-S11
testing,GERPHIS-S11,GESPORT-S11,CCAPDEV-S11,LCLSTWO-S11
testing,GERPHIS-S11,GESPORT-S11,CCAPDEV-S11,LCLSTWO-S11
testing,GERPHIS-S11,GESPORT-S11,CCAPDEV-S11,LCLSTWO-S11
testing,GERPHIS-S11,GESPORT-S11,CCAPDEV-S11,LCLSTWO-S11
testing,GERPHIS-S11,GESPORT-S11,CCAPDEV-S11,LCLSTWO-S11
testing,GERPHIS-S11,GESPORT-S11,CCAPDEV-S11,LCLSTWO-S11
testing,GERPHIS-S11,GESPORT-S11,CCAPDEV-S11,LCLSTWO-S11
testing,GERPHIS-S11,GESPORT-S11,CCAPDEV-S11,LCLSTWO-S11
testing,GERPHIS-S11,GESPORT-S11,CCAPDEV-S11,LCLSTWO-S11
testing,GERPHIS-S11,GESPORT-S11,CCAPDEV-S11,LCLSTWO-S11
testing,GERPHIS-S11,GESPORT-S11,CCAPDEV-S11,LCLSTWO-S11
testing,GERPHIS-S11,GESPORT-S11,CCAPDEV-S11,LCLSTWO-S11
testing,GERPHIS-S11,GESPORT-S11,CCAPDEV-S11,LCLSTWO-S11
testing,GERPHIS-S11,GESPORT-S11,CCAPDEV-S11,LCLSTWO-S11
testing,GERPHIS-S11,GESPORT-S11,CCAPDEV-S11,LCLSTWO-S11
testing,GERPHIS-S11,GESPORT-S11,CCAPDEV-S11,LCLSTWO-S11
testing,GERPHIS-S11,GESPORT-S11,CCAPDEV-S11,LCLSTWO-S11
testing,GERPHIS-S11,GESPORT-S11,CCAPDEV-S11,LCLSTWO-S11
testing,GERPHIS-S11,GESPORT-S11,CCAPDEV-S11,LCLSTWO-S11
testing,GERPHIS-S11,GESPORT-S11,CCAPDEV-S11,LCLSTWO-S11
testing,GERPHIS-S11,GESPORT-S11,CCAPDEV-S11,LCLSTWO-S11
testing,GERPHIS-S11,GESPORT-S11,CCAPDEV-S11,LCLSTWO-S11
testing,GERPHIS-S11,GESPORT-S11,CCAPDEV-S11,LCLSTWO-S11
testing,GERPHIS-S11,GESPORT-S11,CCAPDEV-S11,LCLSTWO-S11
testing,GERPHIS-S11,GESPORT-S11,CCAPDEV-S11,LCLSTWO-S11
testing,GERPHIS-S11,GESPORT-S11,CCAPDEV-S11,LCLSTWO-S11
testing,GERPHIS-S11,GESPORT-S11,CCAPDEV-S11,LCLSTWO-S11
testing,GERPHIS-S11,GESPORT-S11,CCAPDEV-S11,LCLSTWO-S11
testing,GERPHIS-S11,GESPORT-S11,CCAPDEV-S11,LCLSTWO-S11
testing,GERPHIS-S11,GESPORT-S11,CCAPDEV-S11,LCLSTWO-S11
testing,GERPHIS-S11,GESPORT-S11,CCAPDEV-S11,LCLSTWO-S11
testing,GERPHIS-S11,GESPORT-S11,CCAPDEV-S11,LCLSTWO-S11
testing,GERPHIS-S11,GESPORT-S11,CCAPDEV-S11,LCLSTWO-S11
testing,GERPHIS-S11,GESPORT-S11,CCAPDEV-S11,LCLSTWO-S11
testing,GERPHIS-S11,GESPORT-S11,CCAPDEV-S11,LCLSTWO-S11
testing,GERPHIS-S11,GESPORT-S11,CCAPDEV-S11,LCLSTWO-S11
testing,GERPHIS-S11,GESPORT-S11,CCAPDEV-S11,LCLSTWO-S11
testing,GERPHIS-S11,GESPORT-S11,CCAPDEV-S11,LCLSTWO-S11
testing,GERPHIS-S11,GESPORT-S11,CCAPDEV-S11,LCLSTWO-S11
testing,GERPHIS-S11,GESPORT-S11,CCAPDEV-S11,LCLSTWO-S11
testing,GERPHIS-S11,GESPORT-S11,CCAPDEV-S11,LCLSTWO-S11
testing,GERPHIS-S11,GESPORT-S11,CCAPDEV-S11,LCLSTWO-S11
testing,GERPHIS-S11,GESPORT-S11,CCAPDEV-S11,LCLSTWO-S11
testing,GERPHIS-S11,GESPORT-S11,CCAPDEV-S11,LCLSTWO-S11
testing,GERPHIS-S11,GESPORT-S11,CCAPDEV-S11,LCLSTWO-S11
testing,GERPHIS-S11,GESPORT-S11,CCAPDEV-S11,LCLSTWO-S11
testing,GERPHIS-S11,GESPORT-S11,CCAPDEV-S11,LCLSTWO-S11
testing,GERPHIS-S11,GESPORT-S11,CCAPDEV-S11,LCLSTWO-S11
testing,GERPHIS-S11,GESPORT-S11,CCAPDEV-S11,LCLSTWO-S11
testing,GERPHIS-S11,GESPORT-S11,CCAPDEV-S11,LCLSTWO-S11
testing,GERPHIS-S11,GESPORT-S11,CCAPDEV-S11,LCLSTWO-S11
testing,GERPHIS-S11,GESPORT-S11,CCAPDEV-S11,LCLSTWO-S11
testing,GERPHIS-S11,GESPORT-S11,CCAPDEV-S11,LCLSTWO-S11
testing,GERPHIS-S11,GESPORT-S11,CCAPDEV-S11,LCLSTWO-S11
testing,GERPHIS-S11,GESPORT-S11,CCAPDEV-S11,LCLSTWO-S11
testing,GERPHIS-S11,GESPORT-S11,CCAPDEV-S11,LCLSTWO-S11
testing,GERPHIS-S11,GESPORT-S11,CCAPDEV-S11,LCLSTWO-S11
testing,GERPHIS-S11,GESPORT-S11,CCAPDEV-S11,LCLSTWO-S11
testing,GERPHIS-S11,GESPORT-S11,CCAPDEV-S11,LCLSTWO-S11
testing,GERPHIS-S11,GESPORT-S11,CCAPDEV-S11,LCLSTWO-S11
testing,GERPHIS-S11,GESPORT-S11,CCAPDEV-S11,LCLSTWO-S11
testing,GERPHIS-S11,GESPORT-S11,CCAPDEV-S11,LCLSTWO-S11
testing,GERPHIS-S11,GESPORT-S11,CCAPDEV-S11,LCLSTWO-S11
testing,GERPHIS-S11,GESPORT-S11,CCAPDEV-S11,LCLSTWO-S11
testing,GERPHIS-S11,GESPORT-S11,CCAPDEV-S11,LCLSTWO-S11
testing,GERPHIS-S11,GESPORT-S11,CCAPDEV-S11,LCLSTWO-S11
testing,GERPHIS-S11,GESPORT-S11,CCAPDEV-S11,LCLSTWO-S11
testing,GERPHIS-S11,GESPORT-S11,CCAPDEV-S11,LCLSTWO-S11
testing,GERPHIS-S11,GESPORT-S11,CCAPDEV-S11,LCLSTWO-S11
testing,GERPHIS-S11,GESPORT-S11,CCAPDEV-S11,LCLSTWO-S11
testing,GERPHIS-S11,GESPORT-S11,CCAPDEV-S11,LCLSTWO-S11
testing,GERPHIS-S11,GESPORT-S11,CCAPDEV-S11,LCLSTWO-S11
testing,GERPHIS-S11,GESPORT-S11,CCAPDEV-S11,LCLSTWO-S11
testing,GERPHIS-S11,GESPORT-S11,CCAPDEV-S11,LCLSTWO-S11
testing,GERPHIS-S11,GESPORT-S11,CCAPDEV-S11,LCLSTWO-S11
testing,GERPHIS-S11,GESPORT-S11,CCAPDEV-S11,LCLSTWO-S11
testing,GERPHIS-S11,GESPORT-S11,CCAPDEV-S11,LCLSTWO-S11
testing,GERPHIS-S11,GESPORT-S11,CCAPDEV-S11,LCLSTWO-S11
testing,GERPHIS-S11,GESPORT-S11,CCAPDEV-S11,LCLSTWO-S11
testing,GERPHIS-S11,GESPORT-S11,CCAPDEV-S11,LCLSTWO-S11
testing,GERPHIS-S11,GESPORT-S11,CCAPDEV-S11,LCLSTWO-S11
testing,GERPHIS-S11,GESPORT-S11,CCAPDEV-S11,LCLSTWO-S11
testing,GERPHIS-S11,GESPORT-S11,CCAPDEV-S11,LCLSTWO-S11
testing,GERPHIS-S11,GESPORT-S11,CCAPDEV-S11,LCLSTWO-S11
testing,GERPHIS-S11,GESPORT-S11,CCAPDEV-S11,LCLSTWO-S11
testing,GERPHIS-S11,GESPORT-S11,CCAPDEV-S11,LCLSTWO-S11
testing,GERPHIS-S11,GESPORT-S11,CCAPDEV-S11,LCLSTWO-S11
testing,GERPHIS-S11,GESPORT-S11,CCAPDEV-S11,LCLSTWO-S11
testing,GERPHIS-S11,GESPORT-S11,CCAPDEV-S11,LCLSTWO-S11
testing,GERPHIS-S11,GESPORT-S11,CCAPDEV-S11,LCLSTWO-S11
testing,GERPHIS-S11,GESPORT-S11,CCAPDEV-S11,LCLSTWO-S11
testing,GERPHIS-S11,GESPORT-S11,CCAPDEV-S11,LCLSTWO-S11
testing,GERPHIS-S11,GESPORT-S11,CCAPDEV-S11,LCLSTWO-S11
testing,GERPHIS-S11,GESPORT-S11,CCAPDEV-S11,LCLSTWO-S11
testing,GERPHIS-S11,GESPORT-S11,CCAPDEV-S11,LCLSTWO-S11
testing,GERPHIS-S11,GESPORT-S11,CCAPDEV-S11,LCLSTWO-S11
testing,GERPHIS-S11,GESPORT-S11,CCAPDEV-S11,LCLSTWO-S11
testing,GERPHIS-S11,GESPORT-S11,CCAPDEV-S11,LCLSTWO-S11
testing,GERPHIS-S11,GESPORT-S11,CCAPDEV-S11,LCLSTWO-S11
testing,GERPHIS-S11,GESPORT-S11,CCAPDEV-S11,LCLSTWO-S11
testing,GERPHIS-S11,GESPORT-S11,CCAPDEV-S11,LCLSTWO-S11
testing,GERPHIS-S11,GESPORT-S11,CCAPDEV-S11,LCLSTWO-S11
testing,GERPHIS-S11,GESPORT-S11,CCAPDEV-S11,LCLSTWO-S11
testing,GERPHIS-S11,GESPORT-S11,CCAPDEV-S11,LCLSTWO-S11
testing,GERPHIS-S11,GESPORT-S11,CCAPDEV-S11,LCLSTWO-S11
testing,GERPHIS-S11,GESPORT-S11,CCAPDEV-S11,LCLSTWO-S11
testing,GERPHIS-S11,GESPORT-S11,CCAPDEV-S11,LCLSTWO-S11
testing,GERPHIS-S11,GESPORT-S11,CCAPDEV-S11,LCLSTWO-S11
testing,GERPHIS-S11,GESPORT-S11,CCAPDEV-S11,LCLSTWO-S11
testing,GERPHIS-S11,GESPORT-S11,CCAPDEV-S11,LCLSTWO-S11
testing,GERPHIS-S11,GESPORT-S11,CCAPDEV-S11,LCLSTWO-S11
testing,GERPHIS-S11,GESPORT-S11,CCAPDEV-S11,LCLSTWO-S11
testing,GERPHIS-S11,GESPORT-S11,CCAPDEV-S11,LCLSTWO-S11
testing,GERPHIS-S11,GESPORT-S11,CCAPDEV-S11,LCLSTWO-S11
testing,GERPHIS-S11,GESPORT-S11,CCAPDEV-S11,LCLSTWO-S11
testing,GERPHIS-S11,GESPORT-S11,CCAPDEV-S11,LCLSTWO-S11
testing,GERPHIS-S11,GESPORT-S11,CCAPDEV-S11,LCLSTWO-S11
testing,GERPHIS-S11,GESPORT-S11,CCAPDEV-S11,LCLSTWO-S11
testing,GERPHIS-S11,GESPORT-S11,CCAPDEV-S11,LCLSTWO-S11
testing,GERPHIS-S11,GESPORT-S11,CCAPDEV-S11,LCLSTWO-S11
testing,GERPHIS-S11,GESPORT-S11,CCAPDEV-S11,LCLSTWO-S11
testing,GERPHIS-S11,GESPORT-S11,CCAPDEV-S11,LCLSTWO-S11
testing,GERPHIS-S11,GESPORT-S11,CCAPDEV-S11,LCLSTWO-S11
testing,GERPHIS-S11,GESPORT-S11,CCAPDEV-S11,LCLSTWO-S11
testing,GERPHIS-S11,GESPORT-S11,CCAPDEV-S11,LCLSTWO-S11
testing,GERPHIS-S11,GESPORT-S11,CCAPDEV-S11,LCLSTWO-S11
testing,GERPHIS-S11,GESPORT-S11,CCAPDEV-S11,LCLSTWO-S11
testing,GERPHIS-S11,GESPORT-S11,CCAPDEV-S11,LCLSTWO-S11
testing,GERPHIS-S11,GESPORT-S11,CCAPDEV-S11,LCLSTWO-S11
testing,GERPHIS-S11,GESPORT-S11,CCAPDEV-S11,LCLSTWO-S11
testing,GERPHIS-S11,GESPORT-S11,CCAPDEV-S11,LCLSTWO-S11
testing,GERPHIS-S11,GESPORT-S11,CCAPDEV-S11,LCLSTWO-S11
testing,GERPHIS-S11,GESPORT-S11,CCAPDEV-S11,LCLSTWO-S11
testing,GERPHIS-S11,GESPORT-S11,CCAPDEV-S11,LCLSTWO-S11
testing,GERPHIS-S11,GESPORT-S11,CCAPDEV-S11,LCLSTWO-S11
testing,GERPHIS-S11,GESPORT-S11,CCAPDEV-S11,LCLSTWO-S11
testing,GERPHIS-S11,GESPORT-S11,CCAPDEV-S11,LCLSTWO-S11
testing,GERPHIS-S11,GESPORT-S11,CCAPDEV-S11,LCLSTWO-S11
testing,GERPHIS-S11,GESPORT-S11,CCAPDEV-S11,LCLSTWO-S11
testing,GERPHIS-S11,GESPORT-S11,CCAPDEV-S11,LCLSTWO-S11
testing,GERPHIS-S11,GESPORT-S11,CCAPDEV-S11,LCLSTWO-S11
testing,GERPHIS-S11,GESPORT-S11,CCAPDEV-S11,LCLSTWO-S11
testing,GERPHIS-S11,GESPORT-S11,CCAPDEV-S11,LCLSTWO-S11
testing,GERPHIS-S11,GESPORT-S11,CCAPDEV-S11,LCLSTWO-S11
testing,GERPHIS-S11,GESPORT-S11,CCAPDEV-S11,LCLSTWO-S11
testing,GERPHIS-S11,GESPORT-S11,CCAPDEV-S11,LCLSTWO-S11
testing,GERPHIS-S11,GESPORT-S11,CCAPDEV-S11,LCLSTWO-S11
testing,GERPHIS-S11,GESPORT-S11,CCAPDEV-S11,LCLSTWO-S11
testing,GERPHIS-S11,GESPORT-S11,CCAPDEV-S11,LCLSTWO-S11
testing,GERPHIS-S11,GESPORT-S11,CCAPDEV-S11,LCLSTWO-S11
testing,GERPHIS-S11,GESPORT-S11,CCAPDEV-S11,LCLSTWO-S11
testing,GERPHIS-S11,GESPORT-S11,CCAPDEV-S11,LCLSTWO-S11
testing,GERPHIS-S11,GESPORT-S11,CCAPDEV-S11,LCLSTWO-S11
testing,GERPHIS-S11,GESPORT-S11,CCAPDEV-S11,LCLSTWO-S11
testing,GERPHIS-S11,GESPORT-S11,CCAPDEV-S11,LCLSTWO-S11
testing,GERPHIS-S11,GESPORT-S11,CCAPDEV-S11,LCLSTWO-S11
testing,GERPHIS-S11,GESPORT-S11,CCAPDEV-S11,LCLSTWO-S11
testing,GERPHIS-S11,GESPORT-S11,CCAPDEV-S11,LCLSTWO-S11
testing,GERPHIS-S11,GESPORT-S11,CCAPDEV-S11,LCLSTWO-S11
testing,GERPHIS-S11,GESPORT-S11,CCAPDEV-S11,LCLSTWO-S11
testing,GERPHIS-S11,GESPORT-S11,CCAPDEV-S11,LCLSTWO-S11
testing,GERPHIS-S11,GESPORT-S11,CCAPDEV-S11,LCLSTWO-S11
testing,GERPHIS-S11,GESPORT-S11,CCAPDEV-S11,LCLSTWO-S11
testing,GERPHIS-S11,GESPORT-S11,CCAPDEV-S11,LCLSTWO-S11
testing,GERPHIS-S11,GESPORT-S11,CCAPDEV-S11,LCLSTWO-S11
testing,GERPHIS-S11,GESPORT-S11,CCAPDEV-S11,LCLSTWO-S11
testing,GERPHIS-S11,GESPORT-S11,CCAPDEV-S11,LCLSTWO-S11
testing,GERPHIS-S11,GESPORT-S11,CCAPDEV-S11,LCLSTWO-S11
testing,GERPHIS-S11,GESPORT-S11,CCAPDEV-S11,LCLSTWO-S11
testing,GERPHIS-S11,GESPORT-S11,CCAPDEV-S11,LCLSTWO-S11
testing,GERPHIS-S11,GESPORT-S11,CCAPDEV-S11,LCLSTWO-S11
testing,GERPHIS-S11,GESPORT-S11,CCAPDEV-S11,LCLSTWO-S11
testing,GERPHIS-S11,GESPORT-S11,CCAPDEV-S11,LCLSTWO-S11
testing,GERPHIS-S11,GESPORT-S11,CCAPDEV-S11,LCLSTWO-S11
testing,GERPHIS-S11,GESPORT-S11,CCAPDEV-S11,LCLSTWO-S11
testing,GERPHIS-S11,GESPORT-S11,CCAPDEV-S11,LCLSTWO-S11
testing,GERPHIS-S11,GESPORT-S11,CCAPDEV-S11,LCLSTWO-S11
testing,GERPHIS-S11,GESPORT-S11,CCAPDEV-S11,LCLSTWO-S11
testing,GERPHIS-S11,GESPORT-S11,CCAPDEV-S11,LCLSTWO-S11
testing,GERPHIS-S11,GESPORT-S11,CCAPDEV-S11,LCLSTWO-S11
testing,GERPHIS-S11,GESPORT-S11,CCAPDEV-S11,LCLSTWO-S11
testing,GERPHIS-S11,GESPORT-S11,CCAPDEV-S11,LCLSTWO-S11
testing,GERPHIS-S11,GESPORT-S11,CCAPDEV-S11,LCLSTWO-S11
testing,GERPHIS-S11,GESPORT-S11,CCAPDEV-S11,LCLSTWO-S11
testing,GERPHIS-S11,GESPORT-S11,CCAPDEV-S11,LCLSTWO-S11
testing,GERPHIS-S11,GESPORT-S11,CCAPDEV-S11,LCLSTWO-S11
testing,GERPHIS-S11,GESPORT-S11,CCAPDEV-S11,LCLSTWO-S11
testing,GERPHIS-S11,GESPORT-S11,CCAPDEV-S11,LCLSTWO-S11
testing,GERPHIS-S11,GESPORT-S11,CCAPDEV-S11,LCLSTWO-S11
testing,GERPHIS-S11,GESPORT-S11,CCAPDEV-S11,LCLSTWO-S11
testing,GERPHIS-S11,GESPORT-S11,CCAPDEV-S11,LCLSTWO-S11
testing,GERPHIS-S11,GESPORT-S11,CCAPDEV-S11,LCLSTWO-S11
testing,GERPHIS-S11,GESPORT-S11,CCAPDEV-S11,LCLSTWO-S11
testing,GERPHIS-S11,GESPORT-S11,CCAPDEV-S11,LCLSTWO-S11
testing,GERPHIS-S11,GESPORT-S11,CCAPDEV-S11,LCLSTWO-S11
testing,GERPHIS-S11,GESPORT-S11,CCAPDEV-S11,LCLSTWO-S11
testing,GERPHIS-S11,GESPORT-S11,CCAPDEV-S11,LCLSTWO-S11
testing,GERPHIS-S11,GESPORT-S11,CCAPDEV-S11,LCLSTWO-S11
testing,GERPHIS-S11,GESPORT-S11,CCAPDEV-S11,LCLSTWO-S11
testing,GERPHIS-S11,GESPORT-S11,CCAPDEV-S11,LCLSTWO-S11
testing,GERPHIS-S11,GESPORT-S11,CCAPDEV-S11,LCLSTWO-S11
testing,GERPHIS-S11,GESPORT-S11,CCAPDEV-S11,LCLSTWO-S11
testing,GERPHIS-S11,GESPORT-S11,CCAPDEV-S11,LCLSTWO-S11
testing,GERPHIS-S11,GESPORT-S11,CCAPDEV-S11,LCLSTWO-S11
testing,GERPHIS-S11,GESPORT-S11,CCAPDEV-S11,LCLSTWO-S11
testing,GERPHIS-S11,GESPORT-S11,CCAPDEV-S11,LCLSTWO-S11
testing,GERPHIS-S11,GESPORT-S11,CCAPDEV-S11,LCLSTWO-S11
testing,GERPHIS-S11,GESPORT-S11,CCAPDEV-S11,LCLSTWO-S11
testing,GERPHIS-S11,GESPORT-S11,CCAPDEV-S11,LCLSTWO-S11
testing,GERPHIS-S11,GESPORT-S11,CCAPDEV-S11,LCLSTWO-S11
testing,GERPHIS-S11,GESPORT-S11,CCAPDEV-S11,LCLSTWO-S11
testing,GERPHIS-S11,GESPORT-S11,CCAPDEV-S11,LCLSTWO-S11
testing,GERPHIS-S11,GESPORT-S11,CCAPDEV-S11,LCLSTWO-S11
testing,GERPHIS-S11,GESPORT-S11,CCAPDEV-S11,LCLSTWO-S11
testing,GERPHIS-S11,GESPORT-S11,CCAPDEV-S11,LCLSTWO-S11
testing,GERPHIS-S11,GESPORT-S11,CCAPDEV-S11,LCLSTWO-S11
testing,GERPHIS-S11,GESPORT-S11,CCAPDEV-S11,LCLSTWO-S11
testing,GERPHIS-S11,GESPORT-S11,CCAPDEV-S11,LCLSTWO-S11
testing,GERPHIS-S11,GESPORT-S11,CCAPDEV-S11,LCLSTWO-S11
testing,GERPHIS-S11,GESPORT-S11,CCAPDEV-S11,LCLSTWO-S11
testing,GERPHIS-S11,GESPORT-S11,CCAPDEV-S11,LCLSTWO-S11
testing,GERPHIS-S11,GESPORT-S11,CCAPDEV-S11,LCLSTWO-S11
testing,GERPHIS-S11,GESPORT-S11,CCAPDEV-S11,LCLSTWO-S11
testing,GERPHIS-S11,GESPORT-S11,CCAPDEV-S11,LCLSTWO-S11
testing,GERPHIS-S11,GESPORT-S11,CCAPDEV-S11,LCLSTWO-S11
testing,GERPHIS-S11,GESPORT-S11,CCAPDEV-S11,LCLSTWO-S11
testing,GERPHIS-S11,GESPORT-S11,CCAPDEV-S11,LCLSTWO-S11
testing,GERPHIS-S11,GESPORT-S11,CCAPDEV-S11,LCLSTWO-S11
testing,GERPHIS-S11,GESPORT-S11,CCAPDEV-S11,LCLSTWO-S11
testing,GERPHIS-S11,GESPORT-S11,CCAPDEV-S11,LCLSTWO-S11
testing,GERPHIS-S11,GESPORT-S11,CCAPDEV-S11,LCLSTWO-S11
testing,GERPHIS-S11,GESPORT-S11,CCAPDEV-S11,LCLSTWO-S11
testing,GERPHIS-S11,GESPORT-S11,CCAPDEV-S11,LCLSTWO-S11
testing,GERPHIS-S11,GESPORT-S11,CCAPDEV-S11,LCLSTWO-S11
testing,GERPHIS-S11,GESPORT-S11,CCAPDEV-S11,LCLSTWO-S11
testing,GERPHIS-S11,GESPORT-S11,CCAPDEV-S11,LCLSTWO-S11
testing,GERPHIS-S11,GESPORT-S11,CCAPDEV-S11,LCLSTWO-S11
testing,GERPHIS-S11,GESPORT-S11,CCAPDEV-S11,LCLSTWO-S11
testing,GERPHIS-S11,GESPORT-S11,CCAPDEV-S11,LCLSTWO-S11
testing,GERPHIS-S11,GESPORT-S11,CCAPDEV-S11,LCLSTWO-S11
testing,GERPHIS-S11,GESPORT-S11,CCAPDEV-S11,LCLSTWO-S11
testing,GERPHIS-S11,GESPORT-S11,CCAPDEV-S11,LCLSTWO-S11
testing,GERPHIS-S11,GESPORT-S11,CCAPDEV-S11,LCLSTWO-S11
testing,GERPHIS-S11,GESPORT-S11,CCAPDEV-S11,LCLSTWO-S11
testing,GERPHIS-S11,GESPORT-S11,CCAPDEV-S11,LCLSTWO-S11
testing,GERPHIS-S11,GESPORT-S11,CCAPDEV-S11,LCLSTWO-S11
testing,GERPHIS-S11,GESPORT-S11,CCAPDEV-S11,LCLSTWO-S11
testing,GERPHIS-S11,GESPORT-S11,CCAPDEV-S11,LCLSTWO-S11
testing,GERPHIS-S11,GESPORT-S11,CCAPDEV-S11,LCLSTWO-S11
testing,GERPHIS-S11,GESPORT-S11,CCAPDEV-S11,LCLSTWO-S11
testing,GERPHIS-S11,GESPORT-S11,CCAPDEV-S11,LCLSTWO-S11
testing,GERPHIS-S11,GESPORT-S11,CCAPDEV-S11,LCLSTWO-S11
testing,GERPHIS-S11,GESPORT-S11,CCAPDEV-S11,LCLSTWO-S11
testing,GERPHIS-S11,GESPORT-S11,CCAPDEV-S11,LCLSTWO-S11
testing,GERPHIS-S11,GESPORT-S11,CCAPDEV-S11,LCLSTWO-S11
testing,GERPHIS-S11,GESPORT-S11,CCAPDEV-S11,LCLSTWO-S11
testing,GERPHIS-S11,GESPORT-S11,CCAPDEV-S11,LCLSTWO-S11
testing,GERPHIS-S11,GESPORT-S11,CCAPDEV-S11,LCLSTWO-S11
testing,GERPHIS-S11,GESPORT-S11,CCAPDEV-S11,LCLSTWO-S11
testing,GERPHIS-S11,GESPORT-S11,CCAPDEV-S11,LCLSTWO-S11
testing,GERPHIS-S11,GESPORT-S11,CCAPDEV-S11,LCLSTWO-S11
testing,GERPHIS-S11,GESPORT-S11,CCAPDEV-S11,LCLSTWO-S11
testing,GERPHIS-S11,GESPORT-S11,CCAPDEV-S11,LCLSTWO-S11
testing,GERPHIS-S11,GESPORT-S11,CCAPDEV-S11,LCLSTWO-S11
testing,GERPHIS-S11,GESPORT-S11,CCAPDEV-S11,LCLSTWO-S11
testing,GERPHIS-S11,GESPORT-S11,CCAPDEV-S11,LCLSTWO-S11
testing,GERPHIS-S11,GESPORT-S11,CCAPDEV-S11,LCLSTWO-S11
testing,GERPHIS-S11,GESPORT-S11,CCAPDEV-S11,LCLSTWO-S11
testing,GERPHIS-S11,GESPORT-S11,CCAPDEV-S11,LCLSTWO-S11
testing,GERPHIS-S11,GESPORT-S11,CCAPDEV-S11,LCLSTWO-S11
testing,GERPHIS-S11,GESPORT-S11,CCAPDEV-S11,LCLSTWO-S11
testing,GERPHIS-S11,GESPORT-S11,CCAPDEV-S11,LCLSTWO-S11
testing,GERPHIS-S11,GESPORT-S11,CCAPDEV-S11,LCLSTWO-S11
testing,GERPHIS-S11,GESPORT-S11,CCAPDEV-S11,LCLSTWO-S11
testing,GERPHIS-S11,GESPORT-S11,CCAPDEV-S11,LCLSTWO-S11
testing,GERPHIS-S11,GESPORT-S11,CCAPDEV-S11,LCLSTWO-S11
testing,GERPHIS-S11,GESPORT-S11,CCAPDEV-S11,LCLSTWO-S11
testing,GERPHIS-S11,GESPORT-S11,CCAPDEV-S11,LCLSTWO-S11
testing,GERPHIS-S11,GESPORT-S11,CCAPDEV-S11,LCLSTWO-S11
testing,GERPHIS-S11,GESPORT-S11,CCAPDEV-S11,LCLSTWO-S11
testing,GERPHIS-S11,GESPORT-S11,CCAPDEV-S11,LCLSTWO-S11
testing,GERPHIS-S11,GESPORT-S11,CCAPDEV-S11,LCLSTWO-S11
testing,GERPHIS-S11,GESPORT-S11,CCAPDEV-S11,LCLSTWO-S11
testing,GERPHIS-S11,GESPORT-S11,CCAPDEV-S11,LCLSTWO-S11
testing,GERPHIS-S11,GESPORT-S11,CCAPDEV-S11,LCLSTWO-S11
testing,GERPHIS-S11,GESPORT-S11,CCAPDEV-S11,LCLSTWO-S11
testing,GERPHIS-S11,GESPORT-S11,CCAPDEV-S11,LCLSTWO-S11
testing,GERPHIS-S11,GESPORT-S11,CCAPDEV-S11,LCLSTWO-S11
testing,GERPHIS-S11,GESPORT-S11,CCAPDEV-S11,LCLSTWO-S11
testing,GERPHIS-S11,GESPORT-S11,CCAPDEV-S11,LCLSTWO-S11
testing,GERPHIS-S11,GESPORT-S11,CCAPDEV-S11,LCLSTWO-S11
testing,GERPHIS-S11,GESPORT-S11,CCAPDEV-S11,LCLSTWO-S11
testing,GERPHIS-S11,GESPORT-S11,CCAPDEV-S11,LCLSTWO-S11
testing,GERPHIS-S11,GESPORT-S11,CCAPDEV-S11,LCLSTWO-S11
testing,GERPHIS-S11,GESPORT-S11,CCAPDEV-S11,LCLSTWO-S11
testing,GERPHIS-S11,GESPORT-S11,CCAPDEV-S11,LCLSTWO-S11
testing,GERPHIS-S11,GESPORT-S11,CCAPDEV-S11,LCLSTWO-S11
testing,GERPHIS-S11,GESPORT-S11,CCAPDEV-S11,LCLSTWO-S11
testing,GERPHIS-S11,GESPORT-S11,CCAPDEV-S11,LCLSTWO-S11
testing,GERPHIS-S11,GESPORT-S11,CCAPDEV-S11,LCLSTWO-S11
testing,GERPHIS-S11,GESPORT-S11,CCAPDEV-S11,LCLSTWO-S11
testing,GERPHIS-S11,GESPORT-S11,CCAPDEV-S11,LCLSTWO-S11
testing,GERPHIS-S11,GESPORT-S11,CCAPDEV-S11,LCLSTWO-S11
testing,GERPHIS-S11,GESPORT-S11,CCAPDEV-S11,LCLSTWO-S11
testing,GERPHIS-S11,GESPORT-S11,CCAPDEV-S11,LCLSTWO-S11
testing,GERPHIS-S11,GESPORT-S11,CCAPDEV-S11,LCLSTWO-S11
testing,GERPHIS-S11,GESPORT-S11,CCAPDEV-S11,LCLSTWO-S11
testing,GERPHIS-S11,GESPORT-S11,CCAPDEV-S11,LCLSTWO-S11
testing,GERPHIS-S11,GESPORT-S11,CCAPDEV-S11,LCLSTWO-S11
testing,GERPHIS-S11,GESPORT-S11,CCAPDEV-S11,LCLSTWO-S11
testing,GERPHIS-S11,GESPORT-S11,CCAPDEV-S11,LCLSTWO-S11
testing,GERPHIS-S11,GESPORT-S11,CCAPDEV-S11,LCLSTWO-S11
testing,GERPHIS-S11,GESPORT-S11,CCAPDEV-S11,LCLSTWO-S11
testing,GERPHIS-S11,GESPORT-S11,CCAPDEV-S11,LCLSTWO-S11
testing,GERPHIS-S11,GESPORT-S11,CCAPDEV-S11,LCLSTWO-S11
testing,GERPHIS-S11,GESPORT-S11,CCAPDEV-S11,LCLSTWO-S11
testing,GERPHIS-S11,GESPORT-S11,CCAPDEV-S11,LCLSTWO-S11
testing,GERPHIS-S11,GESPORT-S11,CCAPDEV-S11,LCLSTWO-S11
testing,GERPHIS-S11,GESPORT-S11,CCAPDEV-S11,LCLSTWO-S11
testing,GERPHIS-S11,GESPORT-S11,CCAPDEV-S11,LCLSTWO-S11
testing,GERPHIS-S11,GESPORT-S11,CCAPDEV-S11,LCLSTWO-S11
testing,GERPHIS-S11,GESPORT-S11,CCAPDEV-S11,LCLSTWO-S11
testing,GERPHIS-S11,GESPORT-S11,CCAPDEV-S11,LCLSTWO-S11
testing,GERPHIS-S11,GESPORT-S11,CCAPDEV-S11,LCLSTWO-S11
testing,GERPHIS-S11,GESPORT-S11,CCAPDEV-S11,LCLSTWO-S11
testing,GERPHIS-S11,GESPORT-S11,CCAPDEV-S11,LCLSTWO-S11
testing,GERPHIS-S11,GESPORT-S11,CCAPDEV-S11,LCLSTWO-S11
testing,GERPHIS-S11,GESPORT-S11,CCAPDEV-S11,LCLSTWO-S11
testing,GERPHIS-S11,GESPORT-S11,CCAPDEV-S11,LCLSTWO-S11
testing,GERPHIS-S11,GESPORT-S11,CCAPDEV-S11,LCLSTWO-S11
testing,GERPHIS-S11,GESPORT-S11,CCAPDEV-S11,LCLSTWO-S11
testing,GERPHIS-S11,GESPORT-S11,CCAPDEV-S11,LCLSTWO-S11
testing,GERPHIS-S11,GESPORT-S11,CCAPDEV-S11,LCLSTWO-S11
testing,GERPHIS-S11,GESPORT-S11,CCAPDEV-S11,LCLSTWO-S11
testing,GERPHIS-S11,GESPORT-S11,CCAPDEV-S11,LCLSTWO-S11
testing,GERPHIS-S11,GESPORT-S11,CCAPDEV-S11,LCLSTWO-S11
testing,GERPHIS-S11,GESPORT-S11,CCAPDEV-S11,LCLSTWO-S11
testing,GERPHIS-S11,GESPORT-S11,CCAPDEV-S11,LCLSTWO-S11
testing,GERPHIS-S11,GESPORT-S11,CCAPDEV-S11,LCLSTWO-S11
testing,GERPHIS-S11,GESPORT-S11,CCAPDEV-S11,LCLSTWO-S11
testing,GERPHIS-S11,GESPORT-S11,CCAPDEV-S11,LCLSTWO-S11
testing,GERPHIS-S11,GESPORT-S11,CCAPDEV-S11,LCLSTWO-S11
testing,GERPHIS-S11,GESPORT-S11,CCAPDEV-S11,LCLSTWO-S11
testing,GERPHIS-S11,GESPORT-S11,CCAPDEV-S11,LCLSTWO-S11
testing,GERPHIS-S11,GESPORT-S11,CCAPDEV-S11,LCLSTWO-S11
testing,GERPHIS-S11,GESPORT-S11,CCAPDEV-S11,LCLSTWO-S11
testing,GERPHIS-S11,GESPORT-S11,CCAPDEV-S11,LCLSTWO-S11
testing,GERPHIS-S11,GESPORT-S11,CCAPDEV-S11,LCLSTWO-S11
testing,GERPHIS-S11,GESPORT-S11,CCAPDEV-S11,LCLSTWO-S11
testing,GERPHIS-S11,GESPORT-S11,CCAPDEV-S11,LCLSTWO-S11
testing,GERPHIS-S11,GESPORT-S11,CCAPDEV-S11,LCLSTWO-S11
testing,GERPHIS-S11,GESPORT-S11,CCAPDEV-S11,LCLSTWO-S11
testing,GERPHIS-S11,GESPORT-S11,CCAPDEV-S11,LCLSTWO-S11
testing,GERPHIS-S11,GESPORT-S11,CCAPDEV-S11,LCLSTWO-S11
testing,GERPHIS-S11,GESPORT-S11,CCAPDEV-S11,LCLSTWO-S11
testing,GERPHIS-S11,GESPORT-S11,CCAPDEV-S11,LCLSTWO-S11
testing,GERPHIS-S11,GESPORT-S11,CCAPDEV-S11,LCLSTWO-S11
testing,GERPHIS-S11,GESPORT-S11,CCAPDEV-S11,LCLSTWO-S11
testing,GERPHIS-S11,GESPORT-S11,CCAPDEV-S11,LCLSTWO-S11
testing,GERPHIS-S11,GESPORT-S11,CCAPDEV-S11,LCLSTWO-S11
testing,GERPHIS-S11,GESPORT-S11,CCAPDEV-S11,LCLSTWO-S11
testing,GERPHIS-S11,GESPORT-S11,CCAPDEV-S11,LCLSTWO-S11
testing,GERPHIS-S11,GESPORT-S11,CCAPDEV-S11,LCLSTWO-S11
testing,GERPHIS-S11,GESPORT-S11,CCAPDEV-S11,LCLSTWO-S11
testing,GERPHIS-S11,GESPORT-S11,CCAPDEV-S11,LCLSTWO-S11
testing,GERPHIS-S11,GESPORT-S11,CCAPDEV-S11,LCLSTWO-S11
testing,GERPHIS-S11,GESPORT-S11,CCAPDEV-S11,LCLSTWO-S11
testing,GERPHIS-S11,GESPORT-S11,CCAPDEV-S11,LCLSTWO-S11
testing,GERPHIS-S11,GESPORT-S11,CCAPDEV-S11,LCLSTWO-S11
testing,GERPHIS-S11,GESPORT-S11,CCAPDEV-S11,LCLSTWO-S11
testing,GERPHIS-S11,GESPORT-S11,CCAPDEV-S11,LCLSTWO-S11
testing,GERPHIS-S11,GESPORT-S11,CCAPDEV-S11,LCLSTWO-S11
testing,GERPHIS-S11,GESPORT-S11,CCAPDEV-S11,LCLSTWO-S11
testing,GERPHIS-S11,GESPORT-S11,CCAPDEV-S11,LCLSTWO-S11
testing,GERPHIS-S11,GESPORT-S11,CCAPDEV-S11,LCLSTWO-S11
testing,GERPHIS-S11,GESPORT-S11,CCAPDEV-S11,LCLSTWO-S11
testing,GERPHIS-S11,GESPORT-S11,CCAPDEV-S11,LCLSTWO-S11
testing,GERPHIS-S11,GESPORT-S11,CCAPDEV-S11,LCLSTWO-S11
testing,GERPHIS-S11,GESPORT-S11,CCAPDEV-S11,LCLSTWO-S11
testing,GERPHIS-S11,GESPORT-S11,CCAPDEV-S11,LCLSTWO-S11
testing,GERPHIS-S11,GESPORT-S11,CCAPDEV-S11,LCLSTWO-S11
testing,GERPHIS-S11,GESPORT-S11,CCAPDEV-S11,LCLSTWO-S11
testing,GERPHIS-S11,GESPORT-S11,CCAPDEV-S11,LCLSTWO-S11
testing,GERPHIS-S11,GESPORT-S11,CCAPDEV-S11,LCLSTWO-S11
testing,GERPHIS-S11,GESPORT-S11,CCAPDEV-S11,LCLSTWO-S11
testing,GERPHIS-S11,GESPORT-S11,CCAPDEV-S11,LCLSTWO-S11
testing,GERPHIS-S11,GESPORT-S11,CCAPDEV-S11,LCLSTWO-S11
testing,GERPHIS-S11,GESPORT-S11,CCAPDEV-S11,LCLSTWO-S11
testing,GERPHIS-S11,GESPORT-S11,CCAPDEV-S11,LCLSTWO-S11
testing,GERPHIS-S11,GESPORT-S11,CCAPDEV-S11,LCLSTWO-S11
testing,GERPHIS-S11,GESPORT-S11,CCAPDEV-S11,LCLSTWO-S11
testing,GERPHIS-S11,GESPORT-S11,CCAPDEV-S11,LCLSTWO-S11
testing,GERPHIS-S11,GESPORT-S11,CCAPDEV-S11,LCLSTWO-S11
testing,GERPHIS-S11,GESPORT-S11,CCAPDEV-S11,LCLSTWO-S11
testing,GERPHIS-S11,GESPORT-S11,CCAPDEV-S11,LCLSTWO-S11
testing,GERPHIS-S11,GESPORT-S11,CCAPDEV-S11,LCLSTWO-S11
testing,GERPHIS-S11,GESPORT-S11,CCAPDEV-S11,LCLSTWO-S11
testing,GERPHIS-S11,GESPORT-S11,CCAPDEV-S11,LCLSTWO-S11
testing,GERPHIS-S11,GESPORT-S11,CCAPDEV-S11,LCLSTWO-S11
testing,GERPHIS-S11,GESPORT-S11,CCAPDEV-S11,LCLSTWO-S11
testing,GERPHIS-S11,GESPORT-S11,CCAPDEV-S11,LCLSTWO-S11
testing,GERPHIS-S11,GESPORT-S11,CCAPDEV-S11,LCLSTWO-S11
testing,GERPHIS-S11,GESPORT-S11,CCAPDEV-S11,LCLSTWO-S11
testing,GERPHIS-S11,GESPORT-S11,CCAPDEV-S11,LCLSTWO-S11
testing,GERPHIS-S11,GESPORT-S11,CCAPDEV-S11,LCLSTWO-S11
testing,GERPHIS-S11,GESPORT-S11,CCAPDEV-S11,LCLSTWO-S11
testing,GERPHIS-S11,GESPORT-S11,CCAPDEV-S11,LCLSTWO-S11
testing,GERPHIS-S11,GESPORT-S11,CCAPDEV-S11,LCLSTWO-S11
testing,GERPHIS-S11,GESPORT-S11,CCAPDEV-S11,LCLSTWO-S11
testing,GERPHIS-S11,GESPORT-S11,CCAPDEV-S11,LCLSTWO-S11
testing,GERPHIS-S11,GESPORT-S11,CCAPDEV-S11,LCLSTWO-S11
testing,GERPHIS-S11,GESPORT-S11,CCAPDEV-S11,LCLSTWO-S11
testing,GERPHIS-S11,GESPORT-S11,CCAPDEV-S11,LCLSTWO-S11
testing,GERPHIS-S11,GESPORT-S11,CCAPDEV-S11,LCLSTWO-S11
testing,GERPHIS-S11,GESPORT-S11,CCAPDEV-S11,LCLSTWO-S11
testing,GERPHIS-S11,GESPORT-S11,CCAPDEV-S11,LCLSTWO-S11
testing,GERPHIS-S11,GESPORT-S11,CCAPDEV-S11,LCLSTWO-S11
testing,GERPHIS-S11,GESPORT-S11,CCAPDEV-S11,LCLSTWO-S11
testing,GERPHIS-S11,GESPORT-S11,CCAPDEV-S11,LCLSTWO-S11
testing,GERPHIS-S11,GESPORT-S11,CCAPDEV-S11,LCLSTWO-S11
testing,GERPHIS-S11,GESPORT-S11,CCAPDEV-S11,LCLSTWO-S11
testing,GERPHIS-S11,GESPORT-S11,CCAPDEV-S11,LCLSTWO-S11
testing,GERPHIS-S11,GESPORT-S11,CCAPDEV-S11,LCLSTWO-S11
testing,GERPHIS-S11,GESPORT-S11,CCAPDEV-S11,LCLSTWO-S11
testing,GERPHIS-S11,GESPORT-S11,CCAPDEV-S11,LCLSTWO-S11
testing,GERPHIS-S11,GESPORT-S11,CCAPDEV-S11,LCLSTWO-S11
testing,GERPHIS-S11,GESPORT-S11,CCAPDEV-S11,LCLSTWO-S11
testing,GERPHIS-S11,GESPORT-S11,CCAPDEV-S11,LCLSTWO-S11
testing,GERPHIS-S11,GESPORT-S11,CCAPDEV-S11,LCLSTWO-S11
